Model,Threshold,Accuracy,Precision,Recall,F1-Score,ROC-AUC
Optimized CatBoost,0.5000000000000002,0.8189554480226932,0.6709219858156028,0.35671191553544496,0.465780403741999,0.7779944451285155
