Feature Set,ROC-AUC,Accuracy,F1-Score,Average Precision
Original Features Only,0.7762875534746871,0.8187885866844652,0.47076023391812866,0.5554181559012383
Original + Engineered Features,0.7779944451285155,0.8189554480226932,0.465780403741999,0.5652272927279499
