Feature Set,Mean ROC-AUC,Std ROC-AUC
Original Features,0.7859464115701391,0.009287966940831255
Original + Engineered Features,0.7880239464681051,0.009775929069036194
