Model,Mean ROC-AUC,Std ROC-AUC,ROC-AUC (Mean ± Std)
CatBoost,0.7880239464681051,0.008743856776632466,0.7880 ± 0.0087
XGBoost,0.7810944345715931,0.007893240921789318,0.7811 ± 0.0079
LightGBM,0.780570384768712,0.009568306039393229,0.7806 ± 0.0096
Random Forest,0.7695874903809004,0.0066061300462123915,0.7696 ± 0.0066
Logistic Regression,0.764993297892589,0.008968079874882646,0.7650 ± 0.0090
Decision Tree,0.745808173038207,0.010290024167014192,0.7458 ± 0.0103
