Fold,Original ROC-AUC,Engineered ROC-AUC,Difference
1,0.7899164616659103,0.792156367324335,0.00223990565842469
2,0.7883376234989679,0.7913302222691149,0.0029925987701470147
3,0.7820335317480369,0.7817151923679396,-0.0003183393800972878
4,0.7723675004980164,0.7749324427192781,0.00256494222126169
5,0.7970769404397643,0.7999855076598582,0.002908567220093916
