Feature,Importance,Rank
PAY_0,18.833676493454703,1
CREDIT_UTILIZATION,7.434590714258941,2
MAX_PAY_STATUS,5.731929560962795,3
LIMIT_BAL,5.208802068422242,4
BILL_AMT1,5.183327731164595,5
SEVERE_DELAY_MONTHS,4.059171723805448,6
DELAYED_MONTHS,3.5855825864361988,7
AVG_PAY_STATUS,3.5015190599773076,8
